SM-42TW103CT-ND,,5
445-XXXX-1-ND,,0
445-7644-1-ND,,10
445-7456-1-ND,,50
445-10547-1-ND,,10
445-12486-1-ND,,10
478-7526-1-ND,,20
399-5157-1-ND,,10
493-6184-1-ND,,10
493-6184-1-ND,,10
SM-42TA102CT-ND,,2
MMSZ5240BFSCT-ND,,0
S1B-FDICT-ND,,0
1N5711W-FDICT-ND,,0
ED10567-ND,,0
350-2041-1-ND,,10
350-2044-1-ND,,10
SUM110P06-07L-E3CT-ND,,0
IRF540STRLPBFCT-ND,,0
PxxxxHCT-ND,,0
P100KHCT-ND,,50
P10.0KHCT-ND,,50
P56.0KHCT-ND,,50
P4.02KHCT-ND,,50
P340HCT-ND,,50
P1.00KHCT-ND,,100
P240HCT-ND,,50
P2.10KHCT-ND,,50
P220KHCT-ND,,50
P3.00KHCT-ND,,50
P75.0HCT-ND,,50
P120HCT-ND,,50
P470HCT-ND,,50
P1.0KDBCT-ND,,0
P9.09KDBCT-ND,,0
P10.0HCT-ND,,50
408-1630-1-ND,,0
CT2194MST-ND,,0
563-1246-1-ND,,0
SW400-ND,,10
401-2016-1-ND,,0
MCP4921-E/SN-ND,,0
LM317SX/NOPBCT-ND,,0
296-16957-1-ND,,0
LM337IMPX/NOPBCT-ND,,10
ADR03AUJZ-REEL7CT-ND,,0
OP1177ARMZ-REELCT-ND,,0
296-11967-1-ND,,5
ZXTD4591E6CT-ND,,0
991-1034-ND,,0
,,0
