1,296-1391-5-ND
1,LM317AHVT-ND
1,FQP30N06L-ND
1,REF02CPZ-ND
1,490-2869-ND
3,490-2856-ND
1,PPC5D.20CT-ND
1,PPC.47ACT-ND
1,PPC120W-1CT-ND
1,PPC240W-1CT-ND
1,PPC470W-1CT-ND
1,PPC1.0KW-1CT-ND
1,PPC1.5KW-1CT-ND
2,PPC5.1KW-1CT-ND
2,PPC10KW-1CT-ND
1,PPC1.0MW-1CT-ND
1,490-3709-ND
4,490-5401-ND
1,P5174-ND
1,P5134-ND
1,160-1602-ND
1,3557-2K-ND
1,F3269-ND
2,HS112-ND
1,A27AW-ND
1,A12AH-ND
2,A26543-ND
7,A26569-ND
1,J109-ND
1,J103-ND
1,J113-ND
1,J108-ND
1,J300-ND
3,J110-ND
3,J104-ND
1,A98333-ND
1,A98334-ND
1,A98335-ND
1,A98336-ND
4,A97554-ND
4,8799K-ND
1,A100204-ND
1,A26245-ND
1,A100205-ND
